DROP TABLE IF EXISTS VEHICLE, TRIP, CUSTOMER, EMPLOYEE, MODEL, DRIVER;

CREATE TABLE VEHICLE (
VEH_NUMBER varchar(5),
MOD_CODE varchar(10),
VEH_TTAF float(8),
VEH_TTEL float(8),
VEH_TTER float(8)
);
INSERT INTO VEHICLE VALUES('1484P','PA23-250','1833.1','1833.1','101.8');
INSERT INTO VEHICLE VALUES('2289L','C-90A','4243.8','768.9','1123.4');
INSERT INTO VEHICLE VALUES('2778V','PA31-350','7992.9','1513.1','789.5');
INSERT INTO VEHICLE VALUES('4278Y','PA31-350','2447.3','622.1','243.2');

/* -- */

CREATE TABLE TRIP (
TRIP_ID int,
TRIP_DATE datetime,
TRIP_DRIVER int,
VEH_NUMBER varchar(5),
TRIP_DESTINATION varchar(3),
TRIP_DISTANCE float(8),
TRIP_HOURS float(8),
TRIP_WAIT_TIME float(8),
TRIP_FUEL_USED float(8),
TRIP_MAINTENANCE int,
CUS_CODE int
);
INSERT INTO TRIP VALUES('10001','2024-02-05','104','2289L','DTN','936','5.1','2.2','354.1','1','10011');
INSERT INTO TRIP VALUES('10002','2024-02-05','101','2778V','BNA','320','1.6','0','72.6','0','10016');
INSERT INTO TRIP VALUES('10003','2024-02-05','105','4278Y','GNV','1574','7.8','0','339.8','2','10014');
INSERT INTO TRIP VALUES('10004','2024-02-06','106','1484P','STL','472','2.9','4.9','97.2','1','10019');
INSERT INTO TRIP VALUES('10005','2024-02-06','101','2289L','DTN','1023','5.7','3.5','397.7','2','10011');
INSERT INTO TRIP VALUES('10006','2024-02-06','109','4278Y','STL','472','2.6','5.2','117.1','0','10017');
INSERT INTO TRIP VALUES('10007','2024-02-06','104','2778V','GNV','1574','7.9','0','348.4','2','10012');
INSERT INTO TRIP VALUES('10008','2024-02-07','106','1484P','TYS','644','4.1','0','140.6','1','10014');
INSERT INTO TRIP VALUES('10009','2024-02-07','105','2289L','GNV','1574','6.6','23.4','459.9','0','10017');
INSERT INTO TRIP VALUES('10010','2024-02-07','109','4278Y','DTN','998','6.2','3.2','279.7','0','10016');
INSERT INTO TRIP VALUES('10011','2024-02-07','101','1484P','BNA','352','1.9','5.3','66.4','1','10012');
INSERT INTO TRIP VALUES('10012','2024-02-08','101','2778V','MOB','884','4.8','4.2','245.1','0','10010');
INSERT INTO TRIP VALUES('10013','2024-02-08','105','4278Y','TYS','644','3.9','4.5','174.3','1','10011');
INSERT INTO TRIP VALUES('10014','2024-02-09','106','4278Y','DTN','936','6.1','2.1','302.6','0','10017');
INSERT INTO TRIP VALUES('10015','2024-02-09','104','2289L','GNV','1645','6.7','0','459.5','2','10016');
INSERT INTO TRIP VALUES('10016','2024-02-09','109','2778V','MQY','312','1.5','0','67.2','0','10011');
INSERT INTO TRIP VALUES('10017','2024-02-10','101','1484P','STL','508','3.1','0','105.5','0','10014');
INSERT INTO TRIP VALUES('10018','2024-02-10','105','4278Y','TYS','644','3.8','4.5','167.4','0','10017');

/* -- */

CREATE TABLE CUSTOMER (
CUS_CODE int,
CUS_LNAME varchar(15),
CUS_FNAME varchar(15),
CUS_INITIAL varchar(1),
CUS_AREACODE varchar(3),
CUS_PHONE varchar(8),
CUS_BALANCE numeric
);
INSERT INTO CUSTOMER VALUES('10010','Ramas','Alfred','A','615','844-2573','0');
INSERT INTO CUSTOMER VALUES('10011','Dunne','Leona','K','713','894-1238','0');
INSERT INTO CUSTOMER VALUES('10012','Smith','Kathy','W','615','894-2285','896.54');
INSERT INTO CUSTOMER VALUES('10013','Olowski','Paul','F','615','894-2480','1285.19');
INSERT INTO CUSTOMER VALUES('10014','Orlando','Myron','','615','222-1672','673.24');
INSERT INTO CUSTOMER VALUES('10015','O''Brian','Amy','B','713','442-3381','1014.56');
INSERT INTO CUSTOMER VALUES('10016','Brown','James','G','615','297-1228','0');
INSERT INTO CUSTOMER VALUES('10017','Williams','George','','615','290-2556','0');
INSERT INTO CUSTOMER VALUES('10018','Farriss','Anne','G','713','382-7185','0');
INSERT INTO CUSTOMER VALUES('10019','Smith','Olette','K','615','297-3809','453.98');

/* -- */

CREATE TABLE EMPLOYEE (
EMP_NUM int,
EMP_TITLE varchar(4),
EMP_LNAME varchar(15),
EMP_FNAME varchar(15),
EMP_INITIAL varchar(1),
EMP_DOB datetime,
EMP_HIRE_DATE datetime
);
INSERT INTO EMPLOYEE VALUES('100','Mr.','Kolmycz','George','D','1942-06-15','1998-03-15');
INSERT INTO EMPLOYEE VALUES('101','Ms.','Lewis','Rhonda','G','1965-03-19','1996-04-25');
INSERT INTO EMPLOYEE VALUES('102','Mr.','VanDam','Rhett','','1958-11-14','2003-05-18');
INSERT INTO EMPLOYEE VALUES('103','Ms.','Jones','Anne','M','1974-05-11','2000-07-26');
INSERT INTO EMPLOYEE VALUES('104','Mr.','Lange','John','P','1971-07-12','2000-08-20');
INSERT INTO EMPLOYEE VALUES('105','Mr.','Williams','Robert','D','1975-03-14','2013-06-19');
INSERT INTO EMPLOYEE VALUES('106','Mrs.','Duzak','Jeanine','K','1968-02-12','1999-03-13');
INSERT INTO EMPLOYEE VALUES('107','Mr.','Diante','Jorge','D','1975-05-015','2007-07-02');
INSERT INTO EMPLOYEE VALUES('108','Mr.','Wiesenbach','Paul','R','1966-02-14','2003-06-03');
INSERT INTO EMPLOYEE VALUES('109','Ms.','Travis','Elizabeth','K','1961-06-18','2016-02-14');
INSERT INTO EMPLOYEE VALUES('110','Mrs.','Genkazi','Leighla','W','1970-05-19','2000-06-29');

/* -- */

CREATE TABLE MODEL (
MOD_CODE varchar(10),
MOD_MANUFACTURER varchar(15),
MOD_NAME varchar(20),
MOD_SEATS float(8),
MOD_RATE_MILE numeric
);
INSERT INTO MODEL VALUES('C-90A','Beechcraft','KingAir','8','2.67');
INSERT INTO MODEL VALUES('PA23-250','Piper','Aztec','6','1.93');
INSERT INTO MODEL VALUES('PA31-350','Piper','Navajo Chieftain','10','2.35');

/* -- */

CREATE TABLE DRIVER (
EMP_NUM int,
DRV_LICENSE varchar(25),
DRV_RATINGS varchar(30),
DRV_MED_TYPE varchar(1),
DRV_MED_DATE datetime,
DRV_CERT_DATE datetime
);
INSERT INTO DRIVER VALUES('101','ATP','ATP/SEL/MEL/Instr/CFII','1','2024-01-20','2024-01-11');
INSERT INTO DRIVER VALUES('104','ATP','ATP/SEL/MEL/Instr','1','2023-12-18','2024-01-17');
INSERT INTO DRIVER VALUES('105','COM','COMM/SEL/MEL/Instr/CFI','2','2024-01-05','2024-01-02');
INSERT INTO DRIVER VALUES('106','COM','COMM/SEL/MEL/Instr','2','2023-12-10','2024-02-02');
INSERT INTO DRIVER VALUES('109','COM','ATP/SEL/MEL/SES/Instr/CFII','1','2024-01-22','2024-01-15');